"","miRNA","Type","Main Effect","NumDF","DenDF","F-value","p-value","FDR p-value"
"1","Acerv_scaffold_0_318","unique","time",1,58.0054830566734,4.14909428968517,0.0462291278285266,0.064528157593985
"2","Acerv_scaffold_0_318","unique","exposure",1,9.23373876034014,0.267359658951768,0.617265408179847,0.980555550218073
"3","Acerv_scaffold_0_318","unique","resistance",1,26.9588234491542,0.958300332558239,0.33631915524904,0.898963324079389
"4","Acerv_scaffold_0_318","unique","time:exposure",1,58.0054830566734,0.411784677674014,0.523592885222552,0.954979498870341
"5","Acerv_scaffold_0_318","unique","time:resistance",1,58.0421990144902,0.0784113832458509,0.780457477805247,0.830010333538914
"6","Acerv_scaffold_0_318","unique","exposure:resistance",1,26.9588234491543,7.47950235841139e-05,0.993163334470117,0.999458598530658
"7","Acerv_scaffold_0_318","unique","time:exposure:resistance",1,58.0421990144902,0.883305223606362,0.351192978367746,0.977274239376411
"8","Acerv_scaffold_112_40019","unique","time",1,44.0619984950547,0.121428251940772,0.729150112782165,0.78795254123234
"9","Acerv_scaffold_112_40019","unique","exposure",1,6.84770886287457,0.876077536877747,0.381103073293913,0.980555550218073
"10","Acerv_scaffold_112_40019","unique","resistance",1,20.5045953419269,1.13424378664037,0.299253083518269,0.898963324079389
"11","Acerv_scaffold_112_40019","unique","time:exposure",1,44.0619984950548,0.42783199849132,0.51645422078148,0.954979498870341
"12","Acerv_scaffold_112_40019","unique","time:resistance",1,44.0659058978936,0.2512161895015,0.618714761487122,0.749776041919814
"13","Acerv_scaffold_112_40019","unique","exposure:resistance",1,20.5045953419269,1.26419691614076,0.273849037231535,0.999458598530658
"14","Acerv_scaffold_112_40019","unique","time:exposure:resistance",1,44.0659058978938,4.00493561970708,0.0515492601209063,0.977274239376411
"15","Acerv_scaffold_120_41029","unique","time",1,38.2362410021036,1.29399366615446,0.26239153780059,0.331702510049802
"16","Acerv_scaffold_120_41029","unique","exposure",1,5.62122456441315,0.0676860071407207,0.804001357857251,0.980555550218073
"17","Acerv_scaffold_120_41029","unique","resistance",1,17.0702723456951,1.75878037597602,0.202248711134217,0.898963324079389
"18","Acerv_scaffold_120_41029","unique","time:exposure",1,38.2466530617928,1.79534240818888,0.188183515271918,0.954979498870341
"19","Acerv_scaffold_120_41029","unique","time:resistance",1,38.2366390054271,0.101016811181259,0.752342132104633,0.82341170142266
"20","Acerv_scaffold_120_41029","unique","exposure:resistance",1,17.7229146956388,0.0155727519986561,0.90209370063767,0.999458598530658
"21","Acerv_scaffold_120_41029","unique","time:exposure:resistance",1,38.2471973697194,0.0942495158447692,0.760508054635893,0.977274239376411
"22","miRNA_3-3p","acroporids","time",1,228.901751147885,45.2217578956432,1.38902281721124e-10,1.32949326790219e-09
"23","miRNA_3-3p","acroporids","exposure",1,37.5108622373631,0.0112886792672512,0.91595161912891,0.980555550218073
"24","miRNA_3-3p","acroporids","resistance",1,75.896009343733,0.449808393509087,0.5044618320081,0.898963324079389
"25","miRNA_3-3p","acroporids","time:exposure",1,229.243792457693,0.255232234653455,0.613900110546865,0.954979498870341
"26","miRNA_3-3p","acroporids","time:resistance",1,228.913397562907,0.188717284900988,0.664395560702882,0.76749142357057
"27","miRNA_3-3p","acroporids","exposure:resistance",1,104.037255874746,0.044508082847178,0.833323837238509,0.999458598530658
"28","miRNA_3-3p","acroporids","time:exposure:resistance",1,229.260044198078,0.00458201164716731,0.94609096286102,0.977274239376411
"29","miRNA_2030","cnidarian","time",1,576.522328133409,16.2872852019039,6.17707886495987e-05,0.000190229870212616
"30","miRNA_2030","cnidarian","exposure",1,100.90446619098,0.0110844007001089,0.916360669512787,0.980555550218073
"31","miRNA_2030","cnidarian","resistance",1,190.819333484538,0.0357579701160025,0.850217157857328,0.933845075023623
"32","miRNA_2030","cnidarian","time:exposure",1,576.761999946213,2.15381427104943,0.142761282466679,0.954979498870341
"33","miRNA_2030","cnidarian","time:resistance",1,576.613175322487,0.489065662899436,0.484626388236975,0.724976786615744
"34","miRNA_2030","cnidarian","exposure:resistance",1,261.690277061511,0.214821279303735,0.643399749057242,0.999458598530658
"35","miRNA_2030","cnidarian","time:exposure:resistance",1,576.868140031731,0.190878735651684,0.662349747409721,0.977274239376411
"36","Acerv_scaffold_16_9509","unique","time",1,55.8625710691703,7.14365064634221,0.00984270386733536,0.0164865289777867
"37","Acerv_scaffold_16_9509","unique","exposure",1,8.26530764660311,0.434840809388787,0.527565636712972,0.980555550218073
"38","Acerv_scaffold_16_9509","unique","resistance",1,23.2223196819324,0.336033961858698,0.567709443088989,0.898963324079389
"39","Acerv_scaffold_16_9509","unique","time:exposure",1,55.9156413130735,1.12017750502749,0.294431161931906,0.954979498870341
"40","Acerv_scaffold_16_9509","unique","time:resistance",1,55.8672459836919,3.51766367721762,0.0659471774572609,0.315604349259749
"41","Acerv_scaffold_16_9509","unique","exposure:resistance",1,25.7658645774786,1.51005860036848,0.230235714472369,0.999458598530658
"42","Acerv_scaffold_16_9509","unique","time:exposure:resistance",1,55.9229485667854,1.5734237846984,0.214928131234303,0.977274239376411
"43","miRNA_100","cnidarian","time",1,1547.67234521603,55.2189856094508,1.77504622043201e-13,3.96426989229816e-12
"44","miRNA_100","cnidarian","exposure",1,168.155442272655,0.145027913448193,0.703813557359767,0.980555550218073
"45","miRNA_100","cnidarian","resistance",1,367.002620062077,0.146250455957079,0.702365989897155,0.904708180762854
"46","miRNA_100","cnidarian","time:exposure",1,1547.71832134391,0.349236857706117,0.554631733141959,0.954979498870341
"47","miRNA_100","cnidarian","time:resistance",1,1547.59060055961,6.74651069430532,0.00948219155999491,0.0794133543149573
"48","miRNA_100","cnidarian","exposure:resistance",1,678.84591641553,0.336207308687694,0.562219045012711,0.999458598530658
"49","miRNA_100","cnidarian","time:exposure:resistance",1,1547.61513977067,0.279084729034191,0.597377488213559,0.977274239376411
"50","Acerv_scaffold_20_11778","unique","time",1,34.9167926224811,14.9767496416065,0.00045520581072042,0.00101662631060894
"51","Acerv_scaffold_20_11778","unique","exposure",1,3.54599040055291,0.439844472802047,0.547803152802628,0.980555550218073
"52","Acerv_scaffold_20_11778","unique","resistance",1,12.7392931867001,0.227475571848959,0.64147961760419,0.898963324079389
"53","Acerv_scaffold_20_11778","unique","time:exposure",1,34.9269329775651,0.433579975802606,0.514554970021133,0.954979498870341
"54","Acerv_scaffold_20_11778","unique","time:resistance",1,34.9168106294779,0.315606805135398,0.577848423064975,0.740184869498432
"55","Acerv_scaffold_20_11778","unique","exposure:resistance",1,15.4725526127854,1.32542147729433,0.267102143213764,0.999458598530658
"56","Acerv_scaffold_20_11778","unique","time:exposure:resistance",1,34.9272042348337,0.000291255670831862,0.986480911005461,0.986480911005461
"57","Acerv_scaffold_23_14072","unique","time",1,116.630851958139,6.54542352938758,0.0117962874154752,0.0188178870675438
"58","Acerv_scaffold_23_14072","unique","exposure",1,11.9171511434699,0.608438713245188,0.450591291356917,0.980555550218073
"59","Acerv_scaffold_23_14072","unique","resistance",1,24.4899416105972,0.0210039758845459,0.885954287651048,0.942530108140918
"60","Acerv_scaffold_23_14072","unique","time:exposure",1,117.0276943292,0.368063188737297,0.54523704402566,0.954979498870341
"61","Acerv_scaffold_23_14072","unique","time:resistance",1,116.655520507389,3.93223842677179,0.0497186485980831,0.256242265851659
"62","Acerv_scaffold_23_14072","unique","exposure:resistance",1,50.8789449512565,0.00438986114851382,0.947433659724106,0.999458598530658
"63","Acerv_scaffold_23_14072","unique","time:exposure:resistance",1,117.324333815086,0.31943136126357,0.573028747626684,0.977274239376411
"64","Acerv_scaffold_26_14789","unique","time",1,288.030102745573,15.7047362566909,9.34249924651262e-05,0.000260811437298477
"65","Acerv_scaffold_26_14789","unique","exposure",1,43.0902337874725,0.0414006011729972,0.839724465061377,0.980555550218073
"66","Acerv_scaffold_26_14789","unique","resistance",1,56.0761633658249,0.103231614199026,0.749180009170368,0.907423690482411
"67","Acerv_scaffold_26_14789","unique","time:exposure",1,288.56557169837,0.0435850579493056,0.834774810470063,0.979628298618532
"68","Acerv_scaffold_26_14789","unique","time:resistance",1,288.183850387508,4.09726301335163,0.0438750089384658,0.244968799906434
"69","Acerv_scaffold_26_14789","unique","exposure:resistance",1,128.872118572659,0.0229932024467203,0.879711870699819,0.999458598530658
"70","Acerv_scaffold_26_14789","unique","time:exposure:resistance",1,288.901010397518,0.0500322071413815,0.823165328233039,0.977274239376411
"71","Acerv_scaffold_2_1277","unique","time",1,39.9856663605083,0.3131686876556,0.57886375989842,0.635801178904822
"72","Acerv_scaffold_2_1277","unique","exposure",1,5.37486418100788,1.34334374446924,0.295332343469543,0.980555550218073
"73","Acerv_scaffold_2_1277","unique","resistance",1,16.3686989964091,0.101662135772753,0.753876631963856,0.907423690482411
"74","Acerv_scaffold_2_1277","unique","time:exposure",1,39.9856663605084,0.690835674426089,0.410816203876446,0.954979498870341
"75","Acerv_scaffold_2_1277","unique","time:resistance",1,39.9864870086838,0.302272268263779,0.585519374379357,0.740184869498432
"76","Acerv_scaffold_2_1277","unique","exposure:resistance",1,16.3686989964092,0.809920963793666,0.381193239848379,0.999458598530658
"77","Acerv_scaffold_2_1277","unique","time:exposure:resistance",1,39.986487008684,0.0455826397678791,0.83202115420597,0.977274239376411
"78","Acerv_scaffold_32_17956","unique","time",1,40.0856998803423,0.0290287880931747,0.865569628372953,0.92052643017441
"79","Acerv_scaffold_32_17956","unique","exposure",1,5.34915582759745,0.584599109934789,0.476874841702474,0.980555550218073
"80","Acerv_scaffold_32_17956","unique","resistance",1,16.3030185774449,0.0458807713773248,0.833048796131199,0.933845075023623
"81","Acerv_scaffold_32_17956","unique","time:exposure",1,40.1033455007191,0.000628491455141832,0.980123676296807,0.994693473461167
"82","Acerv_scaffold_32_17956","unique","time:resistance",1,40.0866524609308,0.156094355363684,0.694872669751794,0.789092692768986
"83","Acerv_scaffold_32_17956","unique","exposure:resistance",1,18.385771930463,0.346128405889124,0.563471057079738,0.999458598530658
"84","Acerv_scaffold_32_17956","unique","time:exposure:resistance",1,40.1054047284583,0.234375563077763,0.630931507750693,0.977274239376411
"85","miRNA_7-3p","acroporids","time",1,183.312331081849,48.7630719099372,5.14152154078475e-11,6.88963886465156e-10
"86","miRNA_7-3p","acroporids","exposure",1,31.8832612929132,1.55208024175241,0.221906004722997,0.980555550218073
"87","miRNA_7-3p","acroporids","resistance",1,84.855771805841,0.968883790170787,0.327757013322667,0.898963324079389
"88","miRNA_7-3p","acroporids","time:exposure",1,183.312331081849,0.743926077319123,0.38953307193002,0.954979498870341
"89","miRNA_7-3p","acroporids","time:resistance",1,184.255056553206,9.37041798870456,0.00253485304375633,0.050655544843883
"90","miRNA_7-3p","acroporids","exposure:resistance",1,84.855771805841,0.139160591129439,0.710047176205149,0.999458598530658
"91","miRNA_7-3p","acroporids","time:exposure:resistance",1,184.255056553206,0.301340561318849,0.583707829132716,0.977274239376411
"92","Acerv_scaffold_3_1884","unique","time",1,142.073223848306,0.314476432704113,0.575829500534346,0.635801178904822
"93","Acerv_scaffold_3_1884","unique","exposure",1,19.4485143881279,0.165966296311774,0.688171081797462,0.980555550218073
"94","Acerv_scaffold_3_1884","unique","resistance",1,34.8174123930132,0.573180765514155,0.454090962605382,0.898963324079389
"95","Acerv_scaffold_3_1884","unique","time:exposure",1,142.634783826217,0.787182931401165,0.376446887021081,0.954979498870341
"96","Acerv_scaffold_3_1884","unique","time:resistance",1,142.151433895558,2.43723265508083,0.120708646107151,0.425656804693638
"97","Acerv_scaffold_3_1884","unique","exposure:resistance",1,63.7866415130202,0.3389201373109,0.56250532895261,0.999458598530658
"98","Acerv_scaffold_3_1884","unique","time:exposure:resistance",1,142.863775558113,0.0405360731863103,0.840722449416745,0.977274239376411
"99","miRNA_33","acroporids","time",1,100.961060469272,32.7158383749398,1.09284637090566e-07,7.32207068506794e-07
"100","miRNA_33","acroporids","exposure",1,12.7927476941383,0.0481968688605109,0.829695220919682,0.980555550218073
"101","miRNA_33","acroporids","resistance",1,45.2249046019449,17.3914172077021,0.00013592362257669,0.00455344135631911
"102","miRNA_33","acroporids","time:exposure",1,100.961060469272,2.58586326998246,0.110944465676094,0.954979498870341
"103","miRNA_33","acroporids","time:resistance",1,100.854962750171,2.67498585266878,0.10505350839638,0.391032503475413
"104","miRNA_33","acroporids","exposure:resistance",1,45.2249046019449,0.676454364214244,0.415125881865623,0.999458598530658
"105","miRNA_33","acroporids","time:exposure:resistance",1,100.85496275017,0.290323983558091,0.591200351444156,0.977274239376411
"106","miRNA_2023","cnidarian","time",1,1164.75406386687,35.1869710980663,3.94415237914216e-09,2.93620232669472e-08
"107","miRNA_2023","cnidarian","exposure",1,207.72795514485,0.108790686760622,0.741857513493071,0.980555550218073
"108","miRNA_2023","cnidarian","resistance",1,327.411257602212,1.82269900429499,0.177924903459696,0.898963324079389
"109","miRNA_2023","cnidarian","time:exposure",1,1165.13226923966,0.234361961732993,0.628399172817815,0.954979498870341
"110","miRNA_2023","cnidarian","time:resistance",1,1164.75678753929,0.546083751663512,0.460071186791296,0.724633250453706
"111","miRNA_2023","cnidarian","exposure:resistance",1,526.542711164994,0.496174037639362,0.481497477391998,0.999458598530658
"112","miRNA_2023","cnidarian","time:exposure:resistance",1,1165.1356053988,0.291451234640301,0.58939520378421,0.977274239376411
"113","Acerv_scaffold_51_24751","unique","time",1,57.3936587914897,1.18455587481475,0.280979708585366,0.348622971763325
"114","Acerv_scaffold_51_24751","unique","exposure",1,6.60548257487627,0.0208546881649378,0.889482115706363,0.980555550218073
"115","Acerv_scaffold_51_24751","unique","resistance",1,20.5018938936248,1.07249324678691,0.312444480985696,0.898963324079389
"116","Acerv_scaffold_51_24751","unique","time:exposure",1,57.4175977357416,0.00703510933197865,0.933447125922522,0.98138851469711
"117","Acerv_scaffold_51_24751","unique","time:resistance",1,57.3931451506277,1.30671519848215,0.257736217638006,0.607073186093523
"118","Acerv_scaffold_51_24751","unique","exposure:resistance",1,25.2322205020257,2.73246602980615,0.110717865420163,0.999458598530658
"119","Acerv_scaffold_51_24751","unique","time:exposure:resistance",1,57.4220523532405,1.40224162155169,0.241227203771894,0.977274239376411
"120","miRNA_13","acroporids","time",1,293.603455827554,9.76499971961181,0.00195658637169806,0.00385562608540501
"121","miRNA_13","acroporids","exposure",1,51.9165172091252,0.0764842193873135,0.783217729922618,0.980555550218073
"122","miRNA_13","acroporids","resistance",1,134.502824756613,0.231291491816008,0.631349251058501,0.898963324079389
"123","miRNA_13","acroporids","time:exposure",1,293.603455827554,0.32528050546638,0.568887593067775,0.954979498870341
"124","miRNA_13","acroporids","time:resistance",1,293.834354722916,7.43791176064746,0.00677048821653371,0.0648032443582513
"125","miRNA_13","acroporids","exposure:resistance",1,134.502824756611,0.117090203678969,0.732746183251282,0.999458598530658
"126","miRNA_13","acroporids","time:exposure:resistance",1,293.83435472291,1.03815284136001,0.309089643893228,0.977274239376411
"127","Acerv_scaffold_57_27039","unique","time",1,82.3694768641191,0.00293837302081972,0.956901693556201,0.967847692530616
"128","Acerv_scaffold_57_27039","unique","exposure",1,10.5601737295796,0.455452257566282,0.514261009501893,0.980555550218073
"129","Acerv_scaffold_57_27039","unique","resistance",1,22.7637957136834,0.492364887023597,0.48998673227064,0.898963324079389
"130","Acerv_scaffold_57_27039","unique","time:exposure",1,83.6803810393033,0.418199075429919,0.519606894611586,0.954979498870341
"131","Acerv_scaffold_57_27039","unique","time:resistance",1,82.3731255772559,0.820445005919382,0.367691939211186,0.684315553531929
"132","Acerv_scaffold_57_27039","unique","exposure:resistance",1,37.4607342430336,0.130619785394026,0.719820801330186,0.999458598530658
"133","Acerv_scaffold_57_27039","unique","time:exposure:resistance",1,83.6862215464777,0.0388642170428404,0.844195925171926,0.977274239376411
"134","miRNA_2","acroporids","time",1,748.767944097261,48.1736016806018,8.45929001060892e-12,1.41693107677699e-10
"135","miRNA_2","acroporids","exposure",1,136.54768320133,0.232542253161876,0.630417244810614,0.980555550218073
"136","miRNA_2","acroporids","resistance",1,341.182964883742,3.29478296055758,0.0703781765183789,0.673619689533055
"137","miRNA_2","acroporids","time:exposure",1,748.767944097261,0.0988842777022924,0.753260273477211,0.979628298618532
"138","miRNA_2","acroporids","time:resistance",1,748.837890203315,2.87724459160813,0.090255248787659,0.388748689985669
"139","miRNA_2","acroporids","exposure:resistance",1,341.182964883742,0.0155223957498042,0.900922382751544,0.999458598530658
"140","miRNA_2","acroporids","time:exposure:resistance",1,748.837890203315,0.713576936795477,0.398528704118741,0.977274239376411
"141","miRNA_2-3p","acroporids","time",1,564.55107320555,20.765770036756,6.36568609453873e-06,2.84333978889396e-05
"142","miRNA_2-3p","acroporids","exposure",1,90.0479364837044,0.555975906949476,0.457828143647825,0.980555550218073
"143","miRNA_2-3p","acroporids","resistance",1,96.8983877622309,0.79177017788942,0.375769254379634,0.898963324079389
"144","miRNA_2-3p","acroporids","time:exposure",1,565.226850205069,0.058949106911024,0.808252774380143,0.979628298618532
"145","miRNA_2-3p","acroporids","time:resistance",1,564.631283147885,24.8870719475522,8.10503574186958e-07,5.43037394705262e-05
"146","miRNA_2-3p","acroporids","exposure:resistance",1,252.72153102174,0.400086377805175,0.527616508663224,0.999458598530658
"147","miRNA_2-3p","acroporids","time:exposure:resistance",1,565.362139995678,0.0536935338454173,0.816840386614973,0.977274239376411
"148","Acerv_scaffold_8_5139","unique","time",1,40.639297872496,21.4366226988069,3.7130757609194e-05,0.0001243880379908
"149","Acerv_scaffold_8_5139","unique","exposure",1,5.71711580075911,0.534566186119957,0.49355556420846,0.980555550218073
"150","Acerv_scaffold_8_5139","unique","resistance",1,17.342275490725,0.619005928102041,0.442036522665201,0.898963324079389
"151","Acerv_scaffold_8_5139","unique","time:exposure",1,40.6440153854602,0.937388210466995,0.338676760983416,0.954979498870341
"152","Acerv_scaffold_8_5139","unique","time:resistance",1,40.6447668775071,9.91886094676515,0.00306431610734035,0.050655544843883
"153","Acerv_scaffold_8_5139","unique","exposure:resistance",1,18.1241555068143,0.0902364773687165,0.767295170253234,0.999458598530658
"154","Acerv_scaffold_8_5139","unique","time:exposure:resistance",1,40.6511218313551,0.00735394204401233,0.932082063722216,0.977274239376411
"155","Acerv_scaffold_9_6292","unique","time",1,34.0280117602506,2.98759722461799,0.0929700921772981,0.127122370936306
"156","Acerv_scaffold_9_6292","unique","exposure",1,4.89110192946228,0.00771254323444043,0.933500753584678,0.980555550218073
"157","Acerv_scaffold_9_6292","unique","resistance",1,15.0492326259179,0.0714315229793354,0.792891730025623,0.93199554231082
"158","Acerv_scaffold_9_6292","unique","time:exposure",1,34.0280117602507,0.278484396001359,0.601120770673435,0.954979498870341
"159","Acerv_scaffold_9_6292","unique","time:resistance",1,34.02741555984,1.76084468608204,0.193355270095219,0.60680131556717
"160","Acerv_scaffold_9_6292","unique","exposure:resistance",1,15.0492326259179,2.51496718889403,0.133554609120326,0.999458598530658
"161","Acerv_scaffold_9_6292","unique","time:exposure:resistance",1,34.02741555984,0.0371945823877096,0.848215924883808,0.977274239376411
"162","miRNA_5-3p","acroporids","time",1,838.439067765282,102.077808342947,1.00265604767182e-22,3.35889775970061e-21
"163","miRNA_5-3p","acroporids","exposure",1,137.254339890098,0.0501392909818422,0.823154031388045,0.980555550218073
"164","miRNA_5-3p","acroporids","resistance",1,214.816947240168,0.765175290128343,0.382690701711775,0.898963324079389
"165","miRNA_5-3p","acroporids","time:exposure",1,838.762983152096,0.532726900713276,0.465666451649833,0.954979498870341
"166","miRNA_5-3p","acroporids","time:resistance",1,838.439668211058,0.104515327205669,0.746557524116956,0.82341170142266
"167","miRNA_5-3p","acroporids","exposure:resistance",1,356.245854818956,0.165858779071621,0.684063375668366,0.999458598530658
"168","miRNA_5-3p","acroporids","time:exposure:resistance",1,838.763852474007,0.105091226558791,0.745884273337387,0.977274239376411
"169","Acerv_scaffold_116_40356","unique","time",1,73.8510847309436,5.81794249856388,0.0183481878915363,0.0284194036082385
"170","Acerv_scaffold_116_40356","unique","exposure",1,12.0113272109247,0.191279632950148,0.669613945760193,0.980555550218073
"171","Acerv_scaffold_116_40356","unique","resistance",1,34.3627577729502,0.0960914356938895,0.758443681597239,0.907423690482411
"172","Acerv_scaffold_116_40356","unique","time:exposure",1,73.8510847309436,0.103825380012633,0.748196819120637,0.979628298618532
"173","Acerv_scaffold_116_40356","unique","time:resistance",1,74.0084397981304,1.59533456775395,0.210530459913654,0.607073186093523
"174","Acerv_scaffold_116_40356","unique","exposure:resistance",1,34.3627577729502,1.12454358176222,0.296339207386105,0.999458598530658
"175","Acerv_scaffold_116_40356","unique","time:exposure:resistance",1,74.0084397981308,0.583415182583363,0.447405055667752,0.977274239376411
"176","miRNA_7","acroporids","time",1,193.379854887379,21.0680703466182,7.96471514968025e-06,3.33522446892861e-05
"177","miRNA_7","acroporids","exposure",1,30.1947248876197,0.209913602439459,0.650115547543206,0.980555550218073
"178","miRNA_7","acroporids","resistance",1,55.3256259044268,1.27883142956791,0.262994833354957,0.898963324079389
"179","miRNA_7","acroporids","time:exposure",1,193.490171846276,0.020279361181612,0.886907797748884,0.98138851469711
"180","miRNA_7","acroporids","time:resistance",1,193.73743605179,0.39702148145299,0.529373962933688,0.724976786615744
"181","miRNA_7","acroporids","exposure:resistance",1,87.7619058863345,4.63055480009376e-07,0.999458598530658,0.999458598530658
"182","miRNA_7","acroporids","time:exposure:resistance",1,194.0717882083,0.0881347202670279,0.766879494889599,0.977274239376411
"183","miRNA_19","acroporids","time",1,127.768750743512,5.67688846081561,0.0186634889367536,0.0284194036082385
"184","miRNA_19","acroporids","exposure",1,12.781449844109,0.432023752727466,0.522658174174544,0.980555550218073
"185","miRNA_19","acroporids","resistance",1,36.3150072005086,1.66555556325875,0.205011488874186,0.898963324079389
"186","miRNA_19","acroporids","time:exposure",1,127.768750743512,2.88874696921697,0.0916335634019443,0.954979498870341
"187","miRNA_19","acroporids","time:resistance",1,127.840654467383,0.413975148064371,0.521111230852568,0.724976786615744
"188","miRNA_19","acroporids","exposure:resistance",1,36.3150072005087,1.25354424970282,0.270227359700164,0.999458598530658
"189","miRNA_19","acroporids","time:exposure:resistance",1,127.840654467383,3.66859008080406,0.0576805111074801,0.977274239376411
"190","Acerv_scaffold_159_44966","unique","time",1,187.187851001368,23.024428560208,3.2594977615421e-06,1.67989500017939e-05
"191","Acerv_scaffold_159_44966","unique","exposure",1,30.5805381752255,0.00487184514341988,0.944808399581145,0.980555550218073
"192","Acerv_scaffold_159_44966","unique","resistance",1,66.2380550936108,0.0500611768946315,0.823645509867885,0.933845075023623
"193","Acerv_scaffold_159_44966","unique","time:exposure",1,187.355530502216,0.21761633605877,0.641404141032318,0.954979498870341
"194","Acerv_scaffold_159_44966","unique","time:resistance",1,187.209702928699,0.33949871696741,0.560819849800867,0.736763332091335
"195","Acerv_scaffold_159_44966","unique","exposure:resistance",1,85.3432593969095,1.44540907648773,0.232591238687054,0.999458598530658
"196","Acerv_scaffold_159_44966","unique","time:exposure:resistance",1,187.385359882483,0.00273613208480959,0.9583389594722,0.977274239376411
"197","Acerv_scaffold_16_9855","unique","time",1,242.819339901663,1.12520621485935,0.289854113612336,0.353095011127755
"198","Acerv_scaffold_16_9855","unique","exposure",1,42.5515968678146,0.506087376579384,0.480719441486747,0.980555550218073
"199","Acerv_scaffold_16_9855","unique","resistance",1,111.494003935359,1.20502729936594,0.27468426518954,0.898963324079389
"200","Acerv_scaffold_16_9855","unique","time:exposure",1,242.819339901663,0.901639333639489,0.343286632578447,0.954979498870341
"201","Acerv_scaffold_16_9855","unique","time:resistance",1,243.0982255151,0.597391372859616,0.440325915916252,0.724633250453706
"202","Acerv_scaffold_16_9855","unique","exposure:resistance",1,111.494003935359,0.255907867285276,0.613944276792029,0.999458598530658
"203","Acerv_scaffold_16_9855","unique","time:exposure:resistance",1,243.098225515096,0.020885823542361,0.885210169315874,0.977274239376411
"204","miRNA_2036","cnidarian","time",1,264.830138639366,15.2102657489357,0.000121985515759371,0.000326921182235114
"205","miRNA_2036","cnidarian","exposure",1,46.5885842747559,0.0878958764557327,0.768187026556396,0.980555550218073
"206","miRNA_2036","cnidarian","resistance",1,121.793730028521,0.172222289105427,0.678874413984525,0.898963324079389
"207","miRNA_2036","cnidarian","time:exposure",1,264.830138639371,0.516659130672169,0.47290400625042,0.954979498870341
"208","miRNA_2036","cnidarian","time:resistance",1,265.283110127914,0.445047183537135,0.505276249058003,0.724976786615744
"209","miRNA_2036","cnidarian","exposure:resistance",1,121.793730028521,0.455419483662688,0.501051571271064,0.999458598530658
"210","miRNA_2036","cnidarian","time:exposure:resistance",1,265.28311012792,0.0137136472442669,0.906865232314212,0.977274239376411
"211","miRNA_14","cnidarian","time",1,391.849838476129,14.7438944705156,0.000143557213700346,0.000356234567330488
"212","miRNA_14","cnidarian","exposure",1,41.2319867605679,2.05694047928148,0.159055281117535,0.980555550218073
"213","miRNA_14","cnidarian","resistance",1,172.384447784184,3.43866069966369,0.0653956127511849,0.673619689533055
"214","miRNA_14","cnidarian","time:exposure",1,391.849838476129,0.108977730556251,0.741487405272583,0.979628298618532
"215","miRNA_14","cnidarian","time:resistance",1,391.628021023663,1.189498974956,0.276101213944669,0.607073186093523
"216","miRNA_14","cnidarian","exposure:resistance",1,172.384447784186,0.329845350397328,0.566498839604499,0.999458598530658
"217","miRNA_14","cnidarian","time:exposure:resistance",1,391.628021023663,2.83872406736641,0.0928139139223636,0.977274239376411
"218","Acerv_scaffold_23_14118","unique","time",1,34.8187626066964,1.06708146751426,0.308727594328569,0.364817332813039
"219","Acerv_scaffold_23_14118","unique","exposure",1,5.31125246110827,0.704754765556577,0.437335861864699,0.980555550218073
"220","Acerv_scaffold_23_14118","unique","resistance",1,16.2132242628492,0.758575166083605,0.396488212445311,0.898963324079389
"221","Acerv_scaffold_23_14118","unique","time:exposure",1,34.8187626066966,4.45291889258551,0.0420992074726998,0.705161725167722
"222","Acerv_scaffold_23_14118","unique","time:resistance",1,34.8187761078213,0.977182917273512,0.329715348416538,0.644712722053376
"223","Acerv_scaffold_23_14118","unique","exposure:resistance",1,16.2132242628491,2.58793106621378,0.126977261445499,0.999458598530658
"224","Acerv_scaffold_23_14118","unique","time:exposure:resistance",1,34.8187761078213,0.197138514450568,0.659787791775773,0.977274239376411
"225","miRNA_2050","cnidarian","time",1,44.5340301435868,2.63226821795101,0.111771131622236,0.149773316373796
"226","miRNA_2050","cnidarian","exposure",1,6.07796895313948,1.74101849476868,0.234533553818601,0.980555550218073
"227","miRNA_2050","cnidarian","resistance",1,17.8694176591012,0.808142460984673,0.380624353615945,0.898963324079389
"228","miRNA_2050","cnidarian","time:exposure",1,44.5659389504633,4.47320975955886e-05,0.994693473461167,0.994693473461167
"229","miRNA_2050","cnidarian","time:resistance",1,44.5364767947498,6.13513321618093,0.0171175047606225,0.114687281896171
"230","miRNA_2050","cnidarian","exposure:resistance",1,20.436599818017,0.385006850307325,0.541794152899635,0.999458598530658
"231","miRNA_2050","cnidarian","time:exposure:resistance",1,44.5714708107033,0.0154517837635749,0.90163254751876,0.977274239376411
"232","miRNA_4","acroporids","time",1,384.783653785108,5.20195451467921,0.0231075377531214,0.034404556210203
"233","miRNA_4","acroporids","exposure",1,62.2794806654684,0.0424855411604992,0.837369343601263,0.980555550218073
"234","miRNA_4","acroporids","resistance",1,91.4267532717386,0.571358672233858,0.451662673318138,0.898963324079389
"235","miRNA_4","acroporids","time:exposure",1,385.29572190993,0.627850624656038,0.428632409064854,0.954979498870341
"236","miRNA_4","acroporids","time:resistance",1,384.900491769279,8.48961328531656,0.00378026454058828,0.050655544843883
"237","miRNA_4","acroporids","exposure:resistance",1,173.569685197632,0.89966739790179,0.34418965438731,0.999458598530658
"238","miRNA_4","acroporids","time:exposure:resistance",1,385.477292305379,0.211682010847734,0.64571164767673,0.977274239376411
"239","Acerv_scaffold_33_18099","unique","time",1,181.497209569926,45.0464965358904,2.3775182685822e-10,1.99117154993759e-09
"240","Acerv_scaffold_33_18099","unique","exposure",1,31.5186086381061,0.900693896587376,0.349816367071939,0.980555550218073
"241","Acerv_scaffold_33_18099","unique","resistance",1,83.9293415268697,6.33511672072144,0.0137391224427641,0.30684040122173
"242","Acerv_scaffold_33_18099","unique","time:exposure",1,181.497209569928,0.672198813053987,0.413361439490065,0.954979498870341
"243","Acerv_scaffold_33_18099","unique","time:resistance",1,182.235047842059,0.970933090981804,0.325754015789927,0.644712722053376
"244","Acerv_scaffold_33_18099","unique","exposure:resistance",1,83.9293415268697,0.0128879464177178,0.909885389483454,0.999458598530658
"245","Acerv_scaffold_33_18099","unique","time:exposure:resistance",1,182.235047842059,0.409857141342368,0.522846132193843,0.977274239376411
"246","Acerv_scaffold_36_19235","unique","time",1,168.50627698951,0.0220130287107629,0.882229843937802,0.923584367872387
"247","Acerv_scaffold_36_19235","unique","exposure",1,28.9681738115755,0.00247795196318097,0.960640125971982,0.980555550218073
"248","Acerv_scaffold_36_19235","unique","resistance",1,77.6462031257512,0.274444379667817,0.601858077546587,0.898963324079389
"249","Acerv_scaffold_36_19235","unique","time:exposure",1,168.506276989512,0.179014262646632,0.672761223661662,0.959042595432582
"250","Acerv_scaffold_36_19235","unique","time:resistance",1,168.723696375427,0.5759692856508,0.448955496896539,0.724633250453706
"251","Acerv_scaffold_36_19235","unique","exposure:resistance",1,77.6462031257516,0.000328421560290922,0.985587691804673,0.999458598530658
"252","Acerv_scaffold_36_19235","unique","time:exposure:resistance",1,168.723696375425,0.932494744636221,0.335597567464372,0.977274239376411
"253","Acerv_scaffold_3_2245","unique","time",1,790.012916632679,0.00539818022317809,0.941448876546616,0.967847692530616
"254","Acerv_scaffold_3_2245","unique","exposure",1,144.297784249122,0.0879539992474179,0.767220951969317,0.980555550218073
"255","Acerv_scaffold_3_2245","unique","resistance",1,359.972609038322,0.785622717834825,0.376018756338391,0.898963324079389
"256","Acerv_scaffold_3_2245","unique","time:exposure",1,790.012916632679,0.107021416527466,0.743647692569312,0.979628298618532
"257","Acerv_scaffold_3_2245","unique","time:resistance",1,790.042084563959,2.83135405113976,0.0928355080562792,0.388748689985669
"258","Acerv_scaffold_3_2245","unique","exposure:resistance",1,359.972609038313,0.240383236825995,0.624228157441915,0.999458598530658
"259","Acerv_scaffold_3_2245","unique","time:exposure:resistance",1,790.042084563959,0.822112898152355,0.364839581810123,0.977274239376411
"260","miRNA_2022","cnidarian","time",1,172.169531943148,8.11764094425588,0.00491848921640833,0.00867207309208837
"261","miRNA_2022","cnidarian","exposure",1,27.9291881620003,0.434374600561323,0.515247817542627,0.980555550218073
"262","miRNA_2022","cnidarian","resistance",1,61.125670786039,26.4055268068053,3.06639125721602e-06,0.000205448214233474
"263","miRNA_2022","cnidarian","time:exposure",1,172.283187947339,4.61289960351509,0.0331297470809073,0.705161725167722
"264","miRNA_2022","cnidarian","time:resistance",1,172.297602533406,11.5456399015611,0.000843469492935417,0.0282562280133365
"265","miRNA_2022","cnidarian","exposure:resistance",1,78.5593906620581,0.0373193182538613,0.847314949901278,0.999458598530658
"266","miRNA_2022","cnidarian","time:exposure:resistance",1,172.452347335437,0.0345912795289432,0.852673300949471,0.977274239376411
"267","Acerv_scaffold_4_2537","unique","time",1,37.9380678264133,4.24840312164944,0.046189505403258,0.064528157593985
"268","Acerv_scaffold_4_2537","unique","exposure",1,3.7589569724363,0.800061003185338,0.424643753325387,0.980555550218073
"269","Acerv_scaffold_4_2537","unique","resistance",1,12.6756474113053,0.0074714613857036,0.932469015622187,0.948209125988299
"270","Acerv_scaffold_4_2537","unique","time:exposure",1,37.967341436587,0.728277970613597,0.398794039017328,0.954979498870341
"271","Acerv_scaffold_4_2537","unique","time:resistance",1,37.9413698083188,8.26273887711532,0.00659817274351858,0.0648032443582513
"272","Acerv_scaffold_4_2537","unique","exposure:resistance",1,14.9492089433921,0.00514038508466232,0.94379387224541,0.999458598530658
"273","Acerv_scaffold_4_2537","unique","time:exposure:resistance",1,37.9680879574719,0.135690440535483,0.714649385907141,0.977274239376411
"274","miRNA_4-3p","acroporids","time",1,502.119811429135,27.2028985159613,2.68307658688461e-07,1.63423755746608e-06
"275","miRNA_4-3p","acroporids","exposure",1,83.6358211272604,0.00582667082436592,0.939336767507784,0.980555550218073
"276","miRNA_4-3p","acroporids","resistance",1,228.083850223577,0.195074339794843,0.659144869185539,0.898963324079389
"277","miRNA_4-3p","acroporids","time:exposure",1,502.119811429153,2.43721714807219,0.119116276816589,0.954979498870341
"278","miRNA_4-3p","acroporids","time:resistance",1,502.274176270163,0.374150209152129,0.541027452698317,0.724976786615744
"279","miRNA_4-3p","acroporids","exposure:resistance",1,228.083850223577,0.205370638365412,0.650851123600874,0.999458598530658
"280","miRNA_4-3p","acroporids","time:exposure:resistance",1,502.274176270163,0.00813255255338286,0.928179597577451,0.977274239376411
"281","Acerv_scaffold_54_26073","unique","time",1,57.7322894516273,16.1144526227167,0.000174060908384652,0.000416502887920418
"282","Acerv_scaffold_54_26073","unique","exposure",1,9.19081599381052,0.43708260352745,0.524758793396078,0.980555550218073
"283","Acerv_scaffold_54_26073","unique","resistance",1,26.8602551985514,0.168975113666223,0.684285515344013,0.898963324079389
"284","Acerv_scaffold_54_26073","unique","time:exposure",1,57.7322894516277,0.0100377198757613,0.920541849126377,0.98138851469711
"285","Acerv_scaffold_54_26073","unique","time:resistance",1,57.8028251741088,6.78873102294533,0.0116458206969457,0.0866966651883732
"286","Acerv_scaffold_54_26073","unique","exposure:resistance",1,26.8602551985515,0.298431238378669,0.589376924877049,0.999458598530658
"287","Acerv_scaffold_54_26073","unique","time:exposure:resistance",1,57.8028251741088,0.275543514091723,0.601644761339251,0.977274239376411
"288","Acerv_scaffold_64_30361","unique","time",1,34.1887916924797,20.8086996240022,6.24635394727994e-05,0.000190229870212616
"289","Acerv_scaffold_64_30361","unique","exposure",1,3.31790776534698,0.939058923775288,0.39773434070068,0.980555550218073
"290","Acerv_scaffold_64_30361","unique","resistance",1,12.0061269022739,0.402705772417908,0.537600149548007,0.898963324079389
"291","Acerv_scaffold_64_30361","unique","time:exposure",1,34.1910874597293,2.55005752660765,0.119492718526197,0.954979498870341
"292","Acerv_scaffold_64_30361","unique","time:resistance",1,34.1887959408352,0.949104897764511,0.336790227938331,0.644712722053376
"293","Acerv_scaffold_64_30361","unique","exposure:resistance",1,12.7369080865488,0.585525748316489,0.458099354713919,0.999458598530658
"294","Acerv_scaffold_64_30361","unique","time:exposure:resistance",1,34.1911127205794,0.29727413973104,0.589135718800465,0.977274239376411
"295","miRNA_10","acroporids","time",1,42.1642562997165,0.00164413451341963,0.967847692530616,0.967847692530616
"296","miRNA_10","acroporids","exposure",1,6.33447003788224,0.596726395236249,0.467665009633825,0.980555550218073
"297","miRNA_10","acroporids","resistance",1,19.4302005002713,0.560186055814459,0.463149638871279,0.898963324079389
"298","miRNA_10","acroporids","time:exposure",1,42.1642562997163,0.00641881111939385,0.936522883969292,0.98138851469711
"299","miRNA_10","acroporids","time:resistance",1,42.1654289631489,0.462702283807117,0.500081810078024,0.724976786615744
"300","miRNA_10","acroporids","exposure:resistance",1,19.4302005002712,0.0435269056921747,0.836907832523275,0.999458598530658
"301","miRNA_10","acroporids","time:exposure:resistance",1,42.1654289631487,0.469276809198282,0.497068835113263,0.977274239376411
"302","Acerv_scaffold_79_33834","unique","time",1,39.8531088186622,4.44250224420622,0.0413932832493418,0.06029021690665
"303","Acerv_scaffold_79_33834","unique","exposure",1,5.17788875645246,0.5146708812344,0.504179319261966,0.980555550218073
"304","Acerv_scaffold_79_33834","unique","resistance",1,17.1108595815719,1.73100072914844,0.205639831019346,0.898963324079389
"305","Acerv_scaffold_79_33834","unique","time:exposure",1,39.8531088186622,0.3271924739622,0.570529597942016,0.954979498870341
"306","Acerv_scaffold_79_33834","unique","time:resistance",1,39.9054782262801,0.259469345785264,0.613290387536049,0.749776041919814
"307","Acerv_scaffold_79_33834","unique","exposure:resistance",1,17.1108595815719,0.119479795342408,0.733812629182049,0.999458598530658
"308","Acerv_scaffold_79_33834","unique","time:exposure:resistance",1,39.9054782262802,0.462883398311785,0.500207989781302,0.977274239376411
"309","miRNA_9425","cnidarian","time",1,415.372375527064,17.6120710398623,3.31472267518645e-05,0.000116887589072364
"310","miRNA_9425","cnidarian","exposure",1,40.738766643475,0.0102434723232663,0.919880219407091,0.980555550218073
"311","miRNA_9425","cnidarian","resistance",1,152.679722908072,3.55890001472929,0.0611256877520792,0.673619689533055
"312","miRNA_9425","cnidarian","time:exposure",1,415.372375527064,0.288827418181201,0.5912607164315,0.954979498870341
"313","miRNA_9425","cnidarian","time:resistance",1,415.222087377181,1.1658391674898,0.280884608491033,0.607073186093523
"314","miRNA_9425","cnidarian","exposure:resistance",1,152.679722908074,0.691968114152832,0.406794896441114,0.999458598530658
"315","miRNA_9425","cnidarian","time:exposure:resistance",1,415.222087377181,0.900119296585036,0.343301574002975,0.977274239376411
"316","miRNA_29","acroporids","time",1,48.415455622662,1.30085690272701,0.259667448330078,0.331702510049802
"317","miRNA_29","acroporids","exposure",1,7.58613079886511,0.126605039261923,0.731668994832017,0.980555550218073
"318","miRNA_29","acroporids","resistance",1,22.5191357749542,0.382494483986703,0.542476886559031,0.898963324079389
"319","miRNA_29","acroporids","time:exposure",1,48.4154556226619,0.0319496506943769,0.85888409367714,0.979628298618532
"320","miRNA_29","acroporids","time:resistance",1,48.4291825041402,0.0636495487474805,0.801885667975111,0.834940182948889
"321","miRNA_29","acroporids","exposure:resistance",1,22.5191357749541,2.14341134752374,0.157004046609202,0.999458598530658
"322","miRNA_29","acroporids","time:exposure:resistance",1,48.4291825041399,0.891588332662765,0.349734394346391,0.977274239376411
"323","miRNA_2037","cnidarian","time",1,318.386991969459,0.332490204267932,0.564603859945466,0.635801178904822
"324","miRNA_2037","cnidarian","exposure",1,42.4753968996209,2.11293863269809,0.153407811483043,0.980555550218073
"325","miRNA_2037","cnidarian","resistance",1,38.2547076572961,0.443100837252326,0.509623661432881,0.898963324079389
"326","miRNA_2037","cnidarian","time:exposure",1,319.544555437794,0.000422134781370789,0.983620705015503,0.994693473461167
"327","miRNA_2037","cnidarian","time:resistance",1,318.435756591061,0.53496899812205,0.465063130888199,0.724633250453706
"328","miRNA_2037","cnidarian","exposure:resistance",1,139.618181970089,0.0693355487654905,0.792694892519339,0.999458598530658
"329","miRNA_2037","cnidarian","time:exposure:resistance",1,319.74071205265,0.41029586241515,0.522278155091299,0.977274239376411
"330","Acerv_scaffold_14_8906","unique","time",1,77.0061147454279,8.25463227914333,0.00525023124630373,0.00901962803852179
"331","Acerv_scaffold_14_8906","unique","exposure",1,8.87808784676832,0.00145743697732844,0.970391685581741,0.980555550218073
"332","Acerv_scaffold_14_8906","unique","resistance",1,19.1686944700098,0.349541301369301,0.561280711093232,0.898963324079389
"333","Acerv_scaffold_14_8906","unique","time:exposure",1,77.0402153893446,0.0301269481074024,0.862657755499902,0.979628298618532
"334","Acerv_scaffold_14_8906","unique","time:resistance",1,77.0132150205152,0.608066029096824,0.437906840196583,0.724633250453706
"335","Acerv_scaffold_14_8906","unique","exposure:resistance",1,34.0127855342887,0.00878979586568466,0.92585475790628,0.999458598530658
"336","Acerv_scaffold_14_8906","unique","time:exposure:resistance",1,77.0831125788039,0.70408090949681,0.404010578864393,0.977274239376411
"337","Acerv_scaffold_151_44408","unique","time",1,79.2816559044867,11.0627213405769,0.00133641810014128,0.00271333371846865
"338","Acerv_scaffold_151_44408","unique","exposure",1,6.36190369110298,0.505801154858366,0.502194391657055,0.980555550218073
"339","Acerv_scaffold_151_44408","unique","resistance",1,20.9639591400623,0.5716633306334,0.458011292108341,0.898963324079389
"340","Acerv_scaffold_151_44408","unique","time:exposure",1,79.8195926880509,0.0831356507215508,0.773839615257742,0.979628298618532
"341","Acerv_scaffold_151_44408","unique","time:resistance",1,79.4207004009485,0.609541005463745,0.437281571399107,0.724633250453706
"342","Acerv_scaffold_151_44408","unique","exposure:resistance",1,33.1477607372382,0.439462599638299,0.511965737742928,0.999458598530658
"343","Acerv_scaffold_151_44408","unique","time:exposure:resistance",1,79.9494341277687,0.7659437659474,0.384096509287735,0.977274239376411
"344","Acerv_scaffold_15_9107","unique","time",1,59.6764185981079,10.2210677369443,0.00222167297725313,0.00413478026322111
"345","Acerv_scaffold_15_9107","unique","exposure",1,8.82390841024924,0.204170924485906,0.662276737535698,0.980555550218073
"346","Acerv_scaffold_15_9107","unique","resistance",1,24.2825453897456,0.0159804868396559,0.900445179332292,0.942653547113493
"347","Acerv_scaffold_15_9107","unique","time:exposure",1,59.7266589343099,0.032120456676179,0.858370149200219,0.979628298618532
"348","Acerv_scaffold_15_9107","unique","time:resistance",1,59.7180451094557,1.29731874691097,0.259251992861801,0.607073186093523
"349","Acerv_scaffold_15_9107","unique","exposure:resistance",1,27.5140422396149,0.0347852817222711,0.853414684163381,0.999458598530658
"350","Acerv_scaffold_15_9107","unique","time:exposure:resistance",1,59.7905224773546,0.0579586772636431,0.810575532071062,0.977274239376411
"351","Acerv_scaffold_17_10230","unique","time",1,567.869180609202,109.884864191601,1.26735744925041e-23,8.49129490997772e-22
"352","Acerv_scaffold_17_10230","unique","exposure",1,102.838057326773,0.229972065597616,0.632562838123344,0.980555550218073
"353","Acerv_scaffold_17_10230","unique","resistance",1,259.416417191894,0.00685952428337732,0.934056750973548,0.948209125988299
"354","Acerv_scaffold_17_10230","unique","time:exposure",1,567.869180609202,1.70922266956736,0.191615337689109,0.954979498870341
"355","Acerv_scaffold_17_10230","unique","time:resistance",1,568.383922176385,4.80436937929929,0.0287925487676626,0.1753727970394
"356","Acerv_scaffold_17_10230","unique","exposure:resistance",1,259.416417191894,9.6176687281928,0.00213983688700397,0.143369071429266
"357","Acerv_scaffold_17_10230","unique","time:exposure:resistance",1,568.383922176385,1.08602591917854,0.2977964688174,0.977274239376411
"358","Acerv_scaffold_20_11433","unique","time",1,39.1876914723453,0.654742231956995,0.42330813024406,0.488993874592277
"359","Acerv_scaffold_20_11433","unique","exposure",1,5.21125436701609,3.64705025475772,0.112079133194067,0.980555550218073
"360","Acerv_scaffold_20_11433","unique","resistance",1,15.987850958038,0.219967588562804,0.645396408150391,0.898963324079389
"361","Acerv_scaffold_20_11433","unique","time:exposure",1,39.1890641182843,8.31023463187878,0.00636930619483931,0.426743515054234
"362","Acerv_scaffold_20_11433","unique","time:resistance",1,39.1889573090662,1.25953477936796,0.268568433753421,0.607073186093523
"363","Acerv_scaffold_20_11433","unique","exposure:resistance",1,16.6277249554716,0.160967425271574,0.693376311591206,0.999458598530658
"364","Acerv_scaffold_20_11433","unique","time:exposure:resistance",1,39.1907168055085,0.719636890872253,0.401414754479293,0.977274239376411
"365","Acerv_scaffold_23_14008","unique","time",1,42.4869303583529,1.35388811827831,0.2510926355501,0.329866795722681
"366","Acerv_scaffold_23_14008","unique","exposure",1,6.58589018946619,0.118078665966151,0.741835118782804,0.980555550218073
"367","Acerv_scaffold_23_14008","unique","resistance",1,19.7604240024199,0.830621709126014,0.37307752169353,0.898963324079389
"368","Acerv_scaffold_23_14008","unique","time:exposure",1,42.486930358353,0.863317500069308,0.358061092464942,0.954979498870341
"369","Acerv_scaffold_23_14008","unique","time:resistance",1,42.490545411107,1.70046003132057,0.19924819317131,0.60680131556717
"370","Acerv_scaffold_23_14008","unique","exposure:resistance",1,19.7604240024199,0.00337651333336381,0.954246382088432,0.999458598530658
"371","Acerv_scaffold_23_14008","unique","time:exposure:resistance",1,42.4905454111077,0.0237043236825896,0.8783685695691,0.977274239376411
"372","miRNA_5","acroporids","time",1,873.62105262601,22.8305871297723,2.0748063248111e-06,1.15843353135286e-05
"373","miRNA_5","acroporids","exposure",1,156.791028616479,0.434937293464892,0.510543693259423,0.980555550218073
"374","miRNA_5","acroporids","resistance",1,308.348302879982,1.08560334751284,0.298263644360527,0.898963324079389
"375","miRNA_5","acroporids","time:exposure",1,873.790547269027,0.187081190796402,0.665463827803763,0.959042595432582
"376","miRNA_5","acroporids","time:resistance",1,873.630156874205,1.32354557574243,0.250271521439465,0.607073186093523
"377","miRNA_5","acroporids","exposure:resistance",1,396.49467946575,0.152361312245761,0.696498558209279,0.999458598530658
"378","miRNA_5","acroporids","time:exposure:resistance",1,873.800604009426,0.293586011412827,0.588069774737062,0.977274239376411
"379","Acerv_scaffold_28_16363","unique","time",1,444.785035561398,10.9672448410091,0.00100297415027583,0.00209997712714002
"380","Acerv_scaffold_28_16363","unique","exposure",1,67.5242703220789,1.19505349166549,0.278197286908402,0.980555550218073
"381","Acerv_scaffold_28_16363","unique","resistance",1,68.6028919919729,0.0206128076342896,0.88625965392355,0.942530108140918
"382","Acerv_scaffold_28_16363","unique","time:exposure",1,445.588169138975,1.48597364044753,0.22348715257217,0.954979498870341
"383","Acerv_scaffold_28_16363","unique","time:resistance",1,444.928986238781,2.01566999431814,0.15638279032577,0.523882347591331
"384","Acerv_scaffold_28_16363","unique","exposure:resistance",1,198.262493922033,0.00895902106038039,0.924686753231774,0.999458598530658
"385","Acerv_scaffold_28_16363","unique","time:exposure:resistance",1,445.878529372006,0.155369399639356,0.693644532372047,0.977274239376411
"386","miRNA_8-3p","acroporids","time",1,457.999243552065,6.47065995011857,0.0112945508522378,0.0184569489536569
"387","miRNA_8-3p","acroporids","exposure",1,82.2197778082525,0.00766307999644222,0.930455925494337,0.980555550218073
"388","miRNA_8-3p","acroporids","resistance",1,209.325241696969,0.992467125213775,0.32029034676974,0.898963324079389
"389","miRNA_8-3p","acroporids","time:exposure",1,457.999243552065,0.00616597697334261,0.937445745382314,0.98138851469711
"390","miRNA_8-3p","acroporids","time:resistance",1,458.048762569227,0.686878918219874,0.407659660717479,0.724633250453706
"391","miRNA_8-3p","acroporids","exposure:resistance",1,209.325241696972,0.00573662324798507,0.939697892117775,0.999458598530658
"392","miRNA_8-3p","acroporids","time:exposure:resistance",1,458.048762569227,0.292878642086832,0.588644805954362,0.977274239376411
"393","Acerv_scaffold_33_18101","unique","time",1,154.572015962915,15.287208684051,0.00013787479752389,0.000355292747465408
"394","Acerv_scaffold_33_18101","unique","exposure",1,26.4166929614735,1.4485007344318,0.239443493591023,0.980555550218073
"395","Acerv_scaffold_33_18101","unique","resistance",1,71.254907405545,0.221255078759856,0.639521894204179,0.898963324079389
"396","Acerv_scaffold_33_18101","unique","time:exposure",1,154.572015962913,0.247064189498575,0.619856148987306,0.954979498870341
"397","Acerv_scaffold_33_18101","unique","time:resistance",1,154.646939072974,1.04223591601676,0.308896422622084,0.644712722053376
"398","Acerv_scaffold_33_18101","unique","exposure:resistance",1,71.254907405545,2.22220774962359,0.140452145173616,0.999458598530658
"399","Acerv_scaffold_33_18101","unique","time:exposure:resistance",1,154.646939072974,0.362817509902036,0.547827783334141,0.977274239376411
"400","Acerv_scaffold_38_19930","unique","time",1,38.1997223910882,9.74270183528525,0.00342265071717629,0.0061977729202922
"401","Acerv_scaffold_38_19930","unique","exposure",1,5.22440337675707,0.330206742029588,0.589398182078778,0.980555550218073
"402","Acerv_scaffold_38_19930","unique","resistance",1,16.060079365449,2.69681736130549,0.119981943351708,0.898963324079389
"403","Acerv_scaffold_38_19930","unique","time:exposure",1,38.2081571981729,1.00882582790826,0.321503164636976,0.954979498870341
"404","Acerv_scaffold_38_19930","unique","time:resistance",1,38.2012156317874,0.0930723869469772,0.761963066988134,0.82341170142266
"405","Acerv_scaffold_38_19930","unique","exposure:resistance",1,16.7889147231348,0.768325722757573,0.393105083730774,0.999458598530658
"406","Acerv_scaffold_38_19930","unique","time:exposure:resistance",1,38.2102402110603,0.0303342581839093,0.86265347682187,0.977274239376411
"407","miRNA_1-3p","acroporids","time",1,870.843301057062,18.7790025878382,1.63885660602965e-05,6.10018847799925e-05
"408","miRNA_1-3p","acroporids","exposure",1,36.5343148122764,0.00138488870775257,0.970516905189356,0.980555550218073
"409","miRNA_1-3p","acroporids","resistance",1,364.510409113209,0.314137003208977,0.575496899697687,0.898963324079389
"410","miRNA_1-3p","acroporids","time:exposure",1,870.843301057062,0.660334559042696,0.416663942388306,0.954979498870341
"411","miRNA_1-3p","acroporids","time:resistance",1,870.195976380371,0.236760149937677,0.62667848279865,0.749776041919814
"412","miRNA_1-3p","acroporids","exposure:resistance",1,364.510409113209,0.0206858332202968,0.885717584318019,0.999458598530658
"413","miRNA_1-3p","acroporids","time:exposure:resistance",1,870.195976380371,0.889137125882331,0.345972954021318,0.977274239376411
"414","Acerv_scaffold_48_24090","unique","time",1,61.7572029147621,10.3367049437234,0.00207564109333699,0.00397337009295938
"415","Acerv_scaffold_48_24090","unique","exposure",1,6.74609135776361,0.553662073414061,0.481932127248841,0.980555550218073
"416","Acerv_scaffold_48_24090","unique","resistance",1,16.7034411539717,0.00277339576316281,0.958625089653159,0.958625089653159
"417","Acerv_scaffold_48_24090","unique","time:exposure",1,61.840602677044,4.37282599581615,0.0406315350613961,0.705161725167722
"418","Acerv_scaffold_48_24090","unique","time:resistance",1,61.7751404661653,0.0259261344904086,0.872606264408446,0.885827571444938
"419","Acerv_scaffold_48_24090","unique","exposure:resistance",1,27.2665420482031,0.402497165720033,0.531089852353107,0.999458598530658
"420","Acerv_scaffold_48_24090","unique","time:exposure:resistance",1,61.9463787244644,0.184448032141626,0.669068353112619,0.977274239376411
"421","Acerv_scaffold_50_24648","unique","time",1,364.311478093349,11.0940707630617,0.0009546323536221,0.00206323766750583
"422","Acerv_scaffold_50_24648","unique","exposure",1,31.6341339734891,0.964281171186642,0.333561618214799,0.980555550218073
"423","Acerv_scaffold_50_24648","unique","resistance",1,157.78436053454,0.518506238295683,0.472544900818779,0.898963324079389
"424","Acerv_scaffold_50_24648","unique","time:exposure",1,364.311478093349,0.0781654806879145,0.779957721343816,0.979628298618532
"425","Acerv_scaffold_50_24648","unique","time:resistance",1,363.734576409682,0.00017333292779683,0.98950289549626,0.98950289549626
"426","Acerv_scaffold_50_24648","unique","exposure:resistance",1,157.78436053454,0.23699433829902,0.627061004907842,0.999458598530658
"427","Acerv_scaffold_50_24648","unique","time:exposure:resistance",1,363.734576409682,1.43356682252028,0.2319629186591,0.977274239376411
"428","miRNA_17-3p","acroporids","time",1,1023.54554736966,12.792200176978,0.000364343969154226,0.000841760204597696
"429","miRNA_17-3p","acroporids","exposure",1,64.1819008633967,0.0788830465932031,0.779720236924172,0.980555550218073
"430","miRNA_17-3p","acroporids","resistance",1,438.827960945766,0.0416004555917172,0.838477827315195,0.933845075023623
"431","miRNA_17-3p","acroporids","time:exposure",1,1023.54554736966,0.705992077032508,0.40097378893828,0.954979498870341
"432","miRNA_17-3p","acroporids","time:resistance",1,1023.15650223472,0.210426730424698,0.646530567436445,0.759956982776173
"433","miRNA_17-3p","acroporids","exposure:resistance",1,438.827960945766,0.235378154830622,0.627806473440291,0.999458598530658
"434","miRNA_17-3p","acroporids","time:exposure:resistance",1,1023.15650223472,0.00933165054580123,0.923062602128287,0.977274239376411
"435","Acerv_scaffold_57_26966","unique","time",1,41.1788812436603,1.05494366493928,0.310366984631988,0.364817332813039
"436","Acerv_scaffold_57_26966","unique","exposure",1,3.47283214906334,0.315479469732038,0.608576810997241,0.980555550218073
"437","Acerv_scaffold_57_26966","unique","resistance",1,12.3600897366182,1.02972837243193,0.329675410655162,0.898963324079389
"438","Acerv_scaffold_57_26966","unique","time:exposure",1,41.2380782196018,1.31676034233787,0.257788122740525,0.954979498870341
"439","Acerv_scaffold_57_26966","unique","time:resistance",1,41.1787949940035,1.23626180095656,0.27264219522172,0.607073186093523
"440","Acerv_scaffold_57_26966","unique","exposure:resistance",1,17.6653918563849,0.658047499516126,0.428045041662471,0.999458598530658
"441","Acerv_scaffold_57_26966","unique","time:exposure:resistance",1,41.2404720461386,0.412351680368692,0.524332017383771,0.977274239376411
"442","miRNA_24-3p","acroporids","time",1,149.403169627626,23.193127086468,3.55913583633945e-06,1.70330072167674e-05
"443","miRNA_24-3p","acroporids","exposure",1,25.8182875171166,0.102085573814375,0.751912101552707,0.980555550218073
"444","miRNA_24-3p","acroporids","resistance",1,69.6620799514788,0.133768406220351,0.715664680304944,0.904708180762854
"445","miRNA_24-3p","acroporids","time:exposure",1,149.403169627626,0.48792603673872,0.485939774984088,0.954979498870341
"446","miRNA_24-3p","acroporids","time:resistance",1,150.773766004771,0.0579975040906834,0.810016595398176,0.834940182948889
"447","miRNA_24-3p","acroporids","exposure:resistance",1,69.6620799514788,0.663465650859928,0.418114955630242,0.999458598530658
"448","miRNA_24-3p","acroporids","time:exposure:resistance",1,150.773766004769,0.177066449914245,0.674505678860077,0.977274239376411
"449","Acerv_scaffold_72_32054","unique","time",1,135.982973697455,21.2884892532312,9.03098277939064e-06,3.55926968364219e-05
"450","Acerv_scaffold_72_32054","unique","exposure",1,18.3103554652665,0.0787980500483017,0.782080105457651,0.980555550218073
"451","Acerv_scaffold_72_32054","unique","resistance",1,61.3133558418763,0.932367293602544,0.338041777259636,0.898963324079389
"452","Acerv_scaffold_72_32054","unique","time:exposure",1,135.982973697455,0.0526149243520893,0.818918667987297,0.979628298618532
"453","Acerv_scaffold_72_32054","unique","time:resistance",1,135.986250342498,1.30260774956272,0.255743293071394,0.607073186093523
"454","Acerv_scaffold_72_32054","unique","exposure:resistance",1,61.3133558418763,0.0295430955872283,0.864097100644817,0.999458598530658
"455","Acerv_scaffold_72_32054","unique","time:exposure:resistance",1,135.986250342498,0.108861092383604,0.741952226430598,0.977274239376411
"456","Acerv_scaffold_84_34634","unique","time",1,47.8975073022316,18.3169677670118,8.91217042640668e-05,0.000259615399377934
"457","Acerv_scaffold_84_34634","unique","exposure",1,7.4994488697183,0.0662394287241211,0.803813007706374,0.980555550218073
"458","Acerv_scaffold_84_34634","unique","resistance",1,22.3096161587238,0.234785795971062,0.632720972283909,0.898963324079389
"459","Acerv_scaffold_84_34634","unique","time:exposure",1,47.8975073022316,0.225286604122204,0.63719800175325,0.954979498870341
"460","Acerv_scaffold_84_34634","unique","time:resistance",1,47.9221764633766,0.39962143816334,0.530289380607404,0.724976786615744
"461","Acerv_scaffold_84_34634","unique","exposure:resistance",1,22.3096161587238,0.00241289165009447,0.961259833668113,0.999458598530658
"462","Acerv_scaffold_84_34634","unique","time:exposure:resistance",1,47.9221764633762,0.282903238608724,0.597261896342547,0.977274239376411
"463","miRNA_2025","cnidarian","time",1,403.680103688709,45.0384578151459,6.55942928450272e-11,7.32469603436137e-10
"464","miRNA_2025","cnidarian","exposure",1,72.3411192206098,0.000598136896823933,0.980555550218073,0.980555550218073
"465","miRNA_2025","cnidarian","resistance",1,184.680183724744,4.64359606991704,0.0324644133271778,0.543778923230228
"466","miRNA_2025","cnidarian","time:exposure",1,403.680103688709,0.834091151348542,0.361637318610328,0.954979498870341
"467","miRNA_2025","cnidarian","time:resistance",1,403.678532646695,2.70784175851794,0.100634355884592,0.391032503475413
"468","miRNA_2025","cnidarian","exposure:resistance",1,184.680183724744,0.658090656038958,0.418279079165595,0.999458598530658
"469","miRNA_2025","cnidarian","time:exposure:resistance",1,403.678532646695,0.00219114680017715,0.962688056699152,0.977274239376411
